,active_taxis,capacity,empty_moving_to_pickup,empty_rebalancing,empty_waiting,is_long,mean_delay,mean_km_travelled,mean_passengers,mean_waiting_time,med_delay,med_passengers,med_waiting_time,n_dropoffs,n_ignored,n_pickups,n_reqs,n_reqs_assigned,n_reqs_unassigned,n_shared,n_shared_overall,n_vehicles,not_empty,rebalancing,std_delay,std_km_travelled,std_passengers,std_waiting_time,time,time_pass_0,time_pass_1,time_pass_10,time_pass_2,time_pass_3,time_pass_4,time_pass_5,time_pass_6,time_pass_7,time_pass_8,time_pass_9,total_km_travelled,total_passengers
0,0.0,4,395,0,605,1,0.0,0.0,0.0,0.0,0.0,0.0,0.0,0.0,0.0,0.0,423,423,0,0,0,1000,0,1.0,0.0,0.0,0.0,0.0,2013-05-05 00:00:00,1000,0,0,0,0,0,0,0,0,0,0,0.0,0
1,86.0,4,393,0,521,1,45.9583,0.0549352809,0.088,45.9583,45.9583,0.0,45.9583,1.0,0.0,89.0,445,445,0,4,4,1000,86,1.0,0.0,0.0782840079381,0.290268840904,0.0,2013-05-05 00:00:30,914,84,0,2,0,0,0,0,0,0,0,54.9352809,89
2,162.0,4,461,1,376,1,87.5833,0.1175824402,0.176,87.5833,87.5833,0.0,87.5833,1.0,0.0,89.0,706,706,0,24,28,1000,162,1.0,0.0,0.140939079965,0.415961536683,0.0,2013-05-05 00:01:00,838,148,0,14,0,0,0,0,0,0,0,117.5824402,178
3,260.0,4,394,0,346,1,51.4443333333,0.2009130629,0.32,51.2361,54.208,0.0,54.208,3.0,0.0,147.0,654,654,0,81,108,1000,260,1.0,17.2408006452,0.195239575358,0.591269819964,17.5112729145,2013-05-05 00:01:30,740,206,0,48,6,0,0,0,0,0,0,200.9130629,325
4,333.0,4,387,0,280,1,60.5695,0.2892292379,0.43,60.3193333333,57.3125,0.0,57.229,6.0,0.0,116.0,866,866,0,64,167,1000,333,1.0,23.0354046832,0.252707123793,0.684908753047,23.290995883,2013-05-05 00:02:00,667,250,0,70,12,1,0,0,0,0,0,289.2292379,441
5,418.0,4,325,1,256,1,66.2223333333,0.3900188995,0.573,65.7918,61.25,0.0,60.7917,3.0,0.0,146.0,845,845,0,93,251,1000,418,1.0,20.0764297346,0.307105867182,0.791625542792,19.8120087746,2013-05-05 00:02:30,582,293,0,101,18,6,0,0,0,0,0,390.0188995,587
6,486.0,4,284,5,225,1,70.2502,0.4964433063,0.727,70.1752,70.542,0.0,70.292,5.0,0.0,159.0,976,976,0,129,364,1000,486,1.0,11.8542938786,0.365019203811,0.905798542723,11.8806087117,2013-05-05 00:03:00,514,304,0,134,37,11,0,0,0,0,0,496.4433063,746
7,541.0,4,239,7,213,1,67.3717692308,0.6099338318,0.875,64.5288923077,71.708,1.0,66.583,13.0,0.0,161.0,923,923,0,148,472,1000,541,1.0,37.2332677571,0.420077692943,1.01359508681,37.5299315776,2013-05-05 00:03:30,459,308,0,156,53,24,0,0,0,0,0,609.9338318,907
8,580.0,4,221,54,145,1,47.6834,0.7268731535,1.043,47.1084,41.708,1.0,41.25,5.0,0.0,173.0,1084,1084,0,173,601,1000,580,1.0,17.46118133,0.47695460478,1.13628825568,17.35345073,2013-05-05 00:04:00,420,283,0,170,88,39,0,0,0,0,0,726.8731535,1080
9,621.0,4,186,87,106,1,72.8599090909,0.8526464713,1.193,68.9847909091,64.917,1.0,64.0,11.0,0.0,161.0,1029,1029,0,153,701,1000,621,1.0,39.298676657,0.522703348828,1.21480492261,43.3396880167,2013-05-05 00:04:30,379,275,0,175,116,55,0,0,0,0,0,852.6464713,1241
10,653.0,4,172,175,0,1,87.0387857143,0.987519764,1.333,79.2767857143,72.125,1.0,68.625,14.0,0.0,154.0,1220,1220,0,139,774,1000,653,1.0,42.237737827,0.5598669375,1.29773302339,43.0429450768,2013-05-05 00:05:00,347,270,0,173,123,87,0,0,0,0,0,987.519764,1395
11,687.0,4,146,167,0,1,99.3426111111,1.1398700075,1.465,91.669,82.4165,1.0,82.021,18.0,2.0,150.0,1186,1186,0,135,849,1000,687,1.0,63.7573213331,0.574925348363,1.34192958086,51.0812620722,2013-05-05 00:05:30,313,266,0,170,145,106,0,0,0,0,0,1139.8700075,1545
12,706.0,4,148,146,0,1,97.5462222222,1.2946668464,1.584,82.8240111111,89.167,1.0,76.625,27.0,0.0,146.0,1379,1379,0,147,918,1000,706,1.0,49.3398315227,0.591914325845,1.39245969421,39.4645358153,2013-05-05 00:06:00,294,250,0,166,158,132,0,0,0,0,0,1294.6668464,1691
13,726.0,4,124,150,0,1,105.318896552,1.451228957,1.708,102.869203448,99.708,1.0,99.0,29.0,3.0,153.0,1357,1357,0,148,992,1000,726,1.0,40.1397455985,0.611737790978,1.43203910561,37.6473993873,2013-05-05 00:06:30,274,235,0,157,177,157,0,0,0,0,0,1451.228957,1844
14,744.0,4,130,126,0,1,98.00909375,1.607338795,1.81,92.558615625,79.0625,2.0,78.646,32.0,4.0,134.0,1538,1538,0,126,1046,1000,744,1.0,57.8082746604,0.633315499428,1.45873232637,61.1486173127,2013-05-05 00:07:00,256,227,0,150,185,182,0,0,0,0,0,1607.338795,1978
15,754.0,4,115,131,0,1,103.324769231,1.761935519,1.936,93.5715564103,103.333,2.0,92.625,39.0,4.0,165.0,1467,1467,0,173,1119,1000,754,1.0,55.7729251098,0.655621093772,1.49663088302,45.5921312442,2013-05-05 00:07:30,246,202,0,136,202,214,0,0,0,0,0,1761.935519,2143
16,764.0,4,112,124,0,1,110.563391304,1.918157919,2.033,92.1938434783,96.75,2.0,88.667,23.0,5.0,120.0,1697,1697,0,114,1149,1000,764,1.0,47.3082661513,0.679080440718,1.53163670627,32.7449768891,2013-05-05 00:08:00,236,198,0,114,201,251,0,0,0,0,0,1918.157919,2263
17,773.0,4,109,118,0,1,105.414473684,2.074019698,2.121,89.9583447368,97.1045,2.0,71.9165,38.0,3.0,126.0,1671,1671,0,121,1189,1000,773,1.0,65.6000585882,0.702340799091,1.55767743773,54.4885681945,2013-05-05 00:08:30,227,189,0,110,184,290,0,0,0,0,0,2074.019698,2389
18,786.0,4,109,105,0,1,132.5399375,2.23456597,2.206,105.633639583,123.4165,2.0,87.27065,48.0,41.0,133.0,1838,1838,0,131,1241,1000,786,1.0,66.309152763,0.725147243132,1.56574710602,58.0081250686,2013-05-05 00:09:00,214,177,0,123,161,325,0,0,0,0,0,2234.56597,2522
19,794.0,4,109,97,0,1,134.467413043,2.398289361,2.278,114.293480435,135.646,3.0,118.0415,46.0,30.0,118.0,1801,1801,0,118,1281,1000,794,1.0,58.0129286387,0.748996806509,1.56355876129,49.2543399254,2013-05-05 00:09:30,206,165,0,113,177,339,0,0,0,0,0,2398.289361,2640
20,801.0,4,103,96,0,1,158.253652174,2.564049832,2.325,127.681232609,158.771,3.0,120.3545,46.0,129.0,93.0,1935,1935,0,89,1301,1000,801,1.0,63.8918120525,0.771637059799,1.56248999997,61.1831499568,2013-05-05 00:10:00,199,161,0,109,178,353,0,0,0,0,0,2564.049832,2733
21,813.0,4,98,89,0,1,168.295191489,2.73081275,2.366,139.982340426,168.208,3.0,144.458,47.0,54.0,88.0,1899,1899,0,81,1325,1000,813,1.0,89.9522760917,0.7939557557,1.55371940839,72.4560705432,2013-05-05 00:10:30,187,162,0,117,166,368,0,0,0,0,0,2730.81275,2821
22,821.0,4,97,82,0,1,167.827056604,2.899782954,2.406,113.362428302,151.833,3.0,106.458,53.0,172.0,93.0,1952,1952,0,90,1349,1000,821,1.0,92.903742221,0.820419898565,1.54310207051,64.1512463291,2013-05-05 00:11:00,179,160,0,110,178,373,0,0,0,0,0,2899.782954,2914
23,827.0,4,97,76,0,1,173.602315789,3.072879533,2.455,127.444421053,160.75,3.0,114.958,57.0,61.0,106.0,1919,1919,0,101,1375,1000,827,1.0,83.2935868773,0.85041517861,1.53296281755,63.8427818588,2013-05-05 00:11:30,173,152,0,102,193,380,0,0,0,0,0,3072.879533,3020
24,839.0,4,88,73,0,1,189.257085714,3.246386182,2.479,134.022595714,191.333,3.0,135.146,70.0,170.0,94.0,2027,2027,0,94,1397,1000,839,1.0,96.0035796718,0.885471153965,1.5098208503,67.9344302731,2013-05-05 00:12:00,161,154,0,108,199,378,0,0,0,0,0,3246.386182,3114
25,841.0,4,95,64,0,1,197.866061538,3.42138853,2.505,147.826912308,210.417,3.0,138.5,65.0,47.0,91.0,1986,1986,0,82,1412,1000,841,1.0,93.4475746948,0.926767190413,1.50664362077,72.9912419075,2013-05-05 00:12:30,159,148,0,107,201,385,0,0,0,0,0,3421.38853,3205
26,841.0,4,100,59,0,1,207.618506494,3.59766607,2.512,148.72348961,199.75,3.0,135.625,77.0,194.0,84.0,2000,2000,0,84,1429,1000,841,1.0,105.03859129,0.969217590642,1.49594652311,70.7415966775,2013-05-05 00:13:00,159,137,0,117,207,380,0,0,0,0,0,3597.66607,3289
27,847.0,4,91,62,0,1,218.703358209,3.77604475,2.549,141.864426866,198.625,3.0,128.292,67.0,58.0,104.0,1954,1954,0,101,1439,1000,847,1.0,110.811839667,1.01853027622,1.49586062185,74.0365521062,2013-05-05 00:13:30,153,140,0,108,203,396,0,0,0,0,0,3776.04475,3393
28,849.0,4,95,56,0,1,227.47815,3.9540793,2.556,144.9229125,210.7915,3.0,130.9375,80.0,204.0,87.0,1990,1990,0,85,1460,1000,849,1.0,110.216166269,1.06659922843,1.47948099008,73.3613219997,2013-05-05 00:14:00,151,132,0,113,218,386,0,0,0,0,0,3954.0793,3480
29,853.0,4,94,53,0,1,238.726643836,4.12908145,2.574,154.478332877,223.042,3.0,153.292,73.0,68.0,91.0,1939,1939,0,96,1486,1000,853,1.0,101.845373667,1.11889700974,1.46441933885,74.7845174473,2013-05-05 00:14:30,147,123,0,125,219,386,0,0,0,0,0,4129.08145,3571
30,855.0,4,99,46,0,1,253.995857143,4.30381138,2.592,151.622713187,247.833,3.0,152.417,91.0,213.0,109.0,1908,1908,0,107,1494,1000,855,1.0,101.453493677,1.17260367547,1.46203146341,70.1704994014,2013-05-05 00:15:00,145,123,0,117,225,390,0,0,0,0,0,4303.81138,3680
31,861.0,4,102,37,0,1,276.093675325,4.47660114,2.602,163.826844156,286.917,3.0,163.542,77.0,61.0,87.0,1857,1857,0,78,1496,1000,861,1.0,118.386069648,1.22776781482,1.45725632611,74.9024754964,2013-05-05 00:15:30,139,129,0,119,217,396,0,0,0,0,0,4476.60114,3767
32,864.0,4,107,29,0,1,264.2393,4.65259518,2.6,181.111881429,263.292,3.0,190.5835,70.0,178.0,68.0,1931,1931,0,69,1510,1000,864,1.0,99.3461297659,1.28220249488,1.43387586631,76.4545275684,2013-05-05 00:16:00,136,125,0,117,247,375,0,0,0,0,0,4652.59518,3835
33,871.0,4,99,30,0,1,264.487241758,4.82757653,2.605,162.02243956,263.42,3.0,160.25,91.0,80.0,96.0,1869,1869,0,91,1528,1000,871,1.0,122.918611976,1.33003688452,1.41314365866,70.4163262501,2013-05-05 00:16:30,129,125,0,125,254,367,0,0,0,0,0,4827.57653,3931
34,874.0,4,108,18,0,1,261.346388889,5.00216896,2.634,152.783097222,234.125,3.0,153.1875,72.0,233.0,101.0,1864,1864,0,94,1538,1000,874,1.0,131.692193531,1.37094952947,1.41422911864,73.4813129257,2013-05-05 00:17:00,126,123,0,125,243,383,0,0,0,0,0,5002.16896,4032
35,880.0,4,104,16,0,1,254.015588235,5.17511028,2.664,157.279935294,242.585,3.0,159.9585,67.0,50.0,97.0,1845,1845,0,91,1550,1000,880,1.0,136.269509746,1.41000807003,1.40822725439,83.5921109953,2013-05-05 00:17:30,120,123,0,127,233,397,0,0,0,0,0,5175.11028,4129
36,888.0,4,108,4,0,1,265.198690476,5.34427474,2.673,156.921175,267.33,3.0,141.9165,84.0,164.0,93.0,1902,1902,0,80,1559,1000,888,1.0,132.64772953,1.44847268919,1.39214618485,78.7631209879,2013-05-05 00:18:00,112,129,0,127,238,394,0,0,0,0,0,5344.27474,4222
37,890.0,4,99,11,0,1,270.109315068,5.5119033,2.698,156.330447945,272.54,3.0,161.08,72.0,67.0,97.0,1843,1843,0,95,1580,1000,890,1.0,117.023463428,1.48509599608,1.38953085608,74.5715209013,2013-05-05 00:18:30,110,120,0,142,218,410,0,0,0,0,0,5511.9033,4319
38,895.0,4,102,3,0,1,265.985463918,5.67793217,2.681,157.698928866,263.62,3.0,152.5,97.0,188.0,80.0,1902,1902,0,73,1585,1000,895,1.0,128.994041691,1.51921278488,1.36793238137,78.6050538909,2013-05-05 00:19:00,105,125,0,141,242,387,0,0,0,0,0,5677.93217,4399
39,899.0,4,96,5,0,1,279.88952381,5.84358613,2.697,158.878079762,276.54,3.0,164.5625,84.0,59.0,100.0,1842,1842,0,90,1589,1000,899,1.0,126.790069208,1.55070823665,1.35690493403,69.6490604849,2013-05-05 00:19:30,101,130,0,122,265,382,0,0,0,0,0,5843.58613,4499
40,903.0,4,97,0,0,1,289.317333333,6.00538072,2.692,170.313274444,278.295,3.0,164.7295,90.0,172.0,85.0,1904,1904,0,77,1598,1000,903,1.0,127.304134155,1.57415958973,1.33908028139,77.1655429037,2013-05-05 00:20:00,97,129,0,129,275,370,0,0,0,0,0,6005.38072,4584
41,910.0,4,90,0,0,1,309.148873239,6.16701231,2.708,157.031671831,303.12,3.0,155.792,71.0,59.0,87.0,1855,1855,0,85,1616,1000,910,1.0,151.42199557,1.59739284156,1.32088455211,66.8632323724,2013-05-05 00:20:30,90,127,0,140,271,372,0,0,0,0,0,6167.01231,4671
42,918.0,4,80,2,0,1,309.642173913,6.32893778,2.699,158.695172826,283.315,3.0,150.8125,92.0,182.0,83.0,1940,1940,0,73,1620,1000,918,1.0,152.357260653,1.61833406006,1.29630204814,74.6621326386,2013-05-05 00:21:00,82,134,0,142,287,355,0,0,0,0,0,6328.93778,4754
43,926.0,4,73,1,0,1,306.209382716,6.49261841,2.721,181.103790123,299.54,3.0,176.708,81.0,66.0,103.0,1870,1870,0,95,1641,1000,926,1.0,139.7756135,1.64130764631,1.28029645005,77.2205790912,2013-05-05 00:21:30,74,132,0,158,271,365,0,0,0,0,0,6492.61841,4857
44,925.0,4,70,5,0,1,326.020666667,6.65723649,2.708,174.462345714,309.29,3.0,176.0,105.0,186.0,92.0,1888,1888,0,92,1657,1000,925,1.0,155.270879877,1.66376961956,1.26757090531,83.1709194969,2013-05-05 00:22:00,75,123,0,173,277,352,0,0,0,0,0,6657.23649,4949
45,930.0,4,66,4,0,1,349.936705882,6.82233628,2.731,180.937184706,359.33,3.0,196.625,85.0,70.0,108.0,1814,1814,0,104,1669,1000,930,1.0,149.98367364,1.68455149725,1.26279016468,76.2582621027,2013-05-05 00:22:30,70,125,0,173,268,364,0,0,0,0,0,6822.33628,5057
46,938.0,4,62,0,0,1,320.988428571,6.98827797,2.768,177.29182,297.915,3.0,177.6875,70.0,179.0,107.0,1838,1838,0,97,1683,1000,938,1.0,163.59195909,1.70633151971,1.25067022032,80.572827319,2013-05-05 00:23:00,62,125,0,178,253,382,0,0,0,0,0,6988.27797,5164
47,943.0,4,57,0,0,1,348.064022989,7.15514804,2.777,177.524302299,351.87,3.0,187.875,87.0,48.0,96.0,1801,1801,0,86,1693,1000,943,1.0,139.107757978,1.72957295566,1.2325871166,83.7335759798,2013-05-05 00:23:30,57,127,0,173,268,375,0,0,0,0,0,7155.14804,5260
48,944.0,4,56,0,0,1,352.378942308,7.32114798,2.758,168.534785577,354.77,3.0,164.5015,104.0,195.0,85.0,1837,1837,0,84,1700,1000,944,1.0,157.065893723,1.75372131132,1.21878464053,76.7511167677,2013-05-05 00:24:00,56,129,0,170,291,354,0,0,0,0,0,7321.14798,5345
49,947.0,4,53,0,0,1,356.962385321,7.4864777,2.758,167.247850459,353.88,3.0,171.792,109.0,60.0,109.0,1767,1767,0,106,1714,1000,947,1.0,175.017612744,1.7799264504,1.21055194023,75.5046452272,2013-05-05 00:24:30,53,126,0,187,278,356,0,0,0,0,0,7486.4777,5454
50,948.0,4,52,0,0,1,366.664835165,7.65005048,2.775,182.910798901,373.79,3.0,176.17,91.0,166.0,108.0,1805,1805,0,102,1721,1000,948,1.0,163.830794589,1.80397027128,1.21423844446,73.1695570911,2013-05-05 00:25:00,52,125,0,188,266,369,0,0,0,0,0,7650.05048,5562
51,945.0,4,55,0,0,1,362.573925234,7.81331107,2.773,175.78972243,361.0,3.0,181.5,107.0,58.0,105.0,1749,1749,0,102,1730,1000,945,1.0,164.539177488,1.82901116847,1.19977956309,75.269275134,2013-05-05 00:25:30,55,114,0,187,291,353,0,0,0,0,0,7813.31107,5667
52,945.0,4,52,3,0,1,364.681747573,7.97541921,2.749,163.539701942,413.83,3.0,173.21,103.0,188.0,79.0,1801,1801,0,73,1723,1000,945,1.0,163.983299318,1.85239753758,1.19749697286,74.6889664923,2013-05-05 00:26:00,55,120,0,184,303,338,0,0,0,0,0,7975.41921,5746
53,951.0,4,49,0,0,1,366.095806452,8.13991271,2.765,197.063297849,333.87,3.0,210.167,93.0,51.0,109.0,1743,1743,0,101,1729,1000,951,1.0,148.506811533,1.8748321994,1.19154311714,73.5178289097,2013-05-05 00:26:30,49,127,0,180,298,346,0,0,0,0,0,8139.91271,5855
54,953.0,4,47,0,0,1,371.278541667,8.30681368,2.76,188.842854167,382.165,3.0,204.7475,96.0,157.0,91.0,1798,1798,0,88,1732,1000,953,1.0,157.645877483,1.89718572411,1.1833849754,80.5554741442,2013-05-05 00:27:00,47,128,0,183,302,340,0,0,0,0,0,8306.81368,5946
55,954.0,4,45,1,0,1,363.462444444,8.47341322,2.766,187.685651111,365.145,3.0,203.4575,90.0,48.0,96.0,1767,1767,0,88,1724,1000,954,1.0,165.122279056,1.91838910293,1.19550993304,79.9375475081,2013-05-05 00:27:30,46,136,0,175,292,351,0,0,0,0,0,8473.41322,6042
56,955.0,4,39,6,0,1,349.099175258,8.63955064,2.748,174.895295876,349.38,3.0,181.29,97.0,171.0,79.0,1800,1800,0,73,1723,1000,955,1.0,175.822924755,1.9407101924,1.19603344435,81.6750058106,2013-05-05 00:28:00,45,139,0,186,283,347,0,0,0,0,0,8639.55064,6121
57,958.0,4,42,0,0,1,369.676865672,8.80652675,2.782,177.733825373,392.96,3.0,195.5,67.0,55.0,101.0,1757,1757,0,93,1737,1000,958,1.0,174.226228051,1.96457840867,1.18003220295,86.608002101,2013-05-05 00:28:30,42,134,0,175,298,351,0,0,0,0,0,8806.52675,6222
58,955.0,4,45,0,0,1,366.458672566,8.97480756,2.746,180.738678761,382.04,3.0,177.667,113.0,172.0,77.0,1845,1845,0,74,1722,1000,955,1.0,168.134644235,1.98819064686,1.20145078967,72.9151412305,2013-05-05 00:29:00,45,144,0,179,284,348,0,0,0,0,0,8974.80756,6299
59,956.0,4,43,1,0,1,350.59547619,9.14159612,2.738,187.664047619,331.56,3.0,216.791,84.0,60.0,76.0,1813,1813,0,72,1730,1000,956,1.0,173.979559352,2.01287048049,1.19052761413,79.5453006964,2013-05-05 00:29:30,44,141,0,187,289,339,0,0,0,0,0,9141.59612,6375
60,947.0,4,53,0,0,1,334.1987,9.30759497,2.723,184.773267,326.045,3.0,188.8545,100.0,185.0,85.0,1893,1893,0,86,1733,1000,947,1.0,167.353571648,2.04127599605,1.19927936695,77.5956719955,2013-05-05 00:30:00,53,127,0,197,290,333,0,0,0,0,0,9307.59497,6460
61,949.0,4,48,3,0,1,370.021648352,9.47592393,2.73,167.290505495,418.38,3.0,168.04,91.0,62.0,98.0,1862,1862,0,88,1733,1000,949,1.0,175.90544312,2.06851245654,1.19461290802,86.4770773069,2013-05-05 00:30:30,51,128,0,195,292,334,0,0,0,0,0,9475.92393,6558
62,952.0,4,47,1,0,1,344.0017,9.64558753,2.729,177.82928,321.23,3.0,187.749,100.0,180.0,99.0,1881,1881,0,94,1742,1000,952,1.0,164.740367676,2.09275915284,1.18049099954,77.4909456031,2013-05-05 00:31:00,48,125,0,206,292,329,0,0,0,0,0,9645.58753,6657
63,956.0,4,44,0,0,1,379.31,9.81731393,2.729,171.656273684,407.46,3.0,173.708,95.0,66.0,95.0,1826,1826,0,90,1749,1000,956,1.0,166.765811124,2.12238562007,1.17028159005,72.5769818949,2013-05-05 00:31:30,44,124,0,221,281,330,0,0,0,0,0,9817.31393,6752
64,957.0,4,43,0,0,1,381.481881188,9.98934633,2.703,167.991868317,404.0,3.0,184.29,101.0,188.0,75.0,1882,1882,0,74,1741,1000,957,1.0,170.456424243,2.15257461644,1.17166164058,84.3808299375,2013-05-05 00:32:00,43,134,0,219,285,319,0,0,0,0,0,9989.34633,6827
65,956.0,4,44,0,0,1,374.081827957,10.16207608,2.711,187.392315054,375.67,3.0,199.83,93.0,47.0,101.0,1838,1838,0,94,1744,1000,956,1.0,167.495498049,2.17878414497,1.1736605131,82.2835090208,2013-05-05 00:32:30,44,128,0,227,275,326,0,0,0,0,0,10162.07608,6928
66,956.0,4,44,0,0,1,372.231595745,10.33525356,2.716,173.712840426,366.585,3.0,186.2925,94.0,152.0,99.0,1876,1876,0,90,1738,1000,956,1.0,165.827818396,2.2078291872,1.17615645218,82.1566009104,2013-05-05 00:33:00,44,132,0,214,284,326,0,0,0,0,0,10335.25356,7027
67,954.0,4,44,2,0,1,336.19627907,10.50701098,2.722,178.652674419,321.96,3.0,185.23,86.0,60.0,92.0,1813,1813,0,91,1735,1000,954,1.0,166.212886083,2.23679175342,1.18689342403,78.0905437703,2013-05-05 00:33:30,46,133,0,207,281,333,0,0,0,0,0,10507.01098,7119
68,955.0,4,42,3,0,1,413.914456522,10.68005245,2.719,185.911902174,478.21,3.0,192.67,92.0,195.0,89.0,1856,1856,0,82,1730,1000,955,1.0,161.359659533,2.26512625262,1.19584238092,75.3316903277,2013-05-05 00:34:00,45,137,0,214,262,342,0,0,0,0,0,10680.05245,7208
69,952.0,4,43,5,0,1,361.80872549,10.85115434,2.714,178.177483333,348.08,3.0,190.2515,102.0,67.0,97.0,1786,1786,0,91,1733,1000,952,1.0,164.014299387,2.29413137431,1.19591136795,72.4015208427,2013-05-05 00:34:30,48,131,0,218,265,338,0,0,0,0,0,10851.15434,7305
70,952.0,4,45,3,0,1,413.968444444,11.02220317,2.703,186.458447778,484.65,3.0,198.71,90.0,213.0,79.0,1784,1784,0,78,1737,1000,952,1.0,172.421773998,2.32278712589,1.19029030072,74.4419772063,2013-05-05 00:35:00,48,130,0,223,269,330,0,0,0,0,0,11022.20317,7384
71,956.0,4,35,9,0,1,372.542959184,11.19428541,2.688,183.776010204,366.29,3.0,189.0835,97.0,70.0,82.0,1726,1726,0,72,1727,1000,956,1.0,164.031363354,2.35183856686,1.18855206028,75.6412228008,2013-05-05 00:35:30,44,144,0,215,274,323,0,0,0,0,0,11194.28541,7466
72,952.0,4,42,6,0,1,412.115625,11.36301175,2.69,181.21962875,447.81,3.0,178.355,80.0,176.0,82.0,1792,1792,0,77,1721,1000,952,1.0,156.658527464,2.38232404093,1.20162390123,73.3049372928,2013-05-05 00:36:00,48,143,0,208,273,328,0,0,0,0,0,11363.01175,7548
73,952.0,4,45,3,0,1,358.672361111,11.53333074,2.708,166.639013889,380.935,3.0,162.479,72.0,55.0,90.0,1730,1730,0,88,1728,1000,952,1.0,180.510719815,2.41444211926,1.20280339208,81.312019615,2013-05-05 00:36:30,48,139,0,207,269,337,0,0,0,0,0,11533.33074,7638
74,948.0,4,47,5,0,1,398.476626506,11.70654258,2.693,189.224545783,485.17,3.0,203.96,83.0,183.0,68.0,1784,1784,0,72,1732,1000,948,1.0,166.417468726,2.44724040278,1.20114570307,73.7789900903,2013-05-05 00:37:00,52,132,0,214,275,327,0,0,0,0,0,11706.54258,7706
75,950.0,4,45,5,0,1,405.628247423,11.87933537,2.678,193.203268041,427.96,3.0,214.87,97.0,61.0,82.0,1736,1736,0,77,1730,1000,950,1.0,159.823720012,2.47727060159,1.18925018394,84.690305495,2013-05-05 00:37:30,50,138,0,206,296,310,0,0,0,0,0,11879.33537,7788
76,949.0,4,50,1,0,1,404.567222222,12.05469139,2.657,176.863377778,455.69,3.0,185.791,90.0,175.0,69.0,1784,1784,0,68,1721,1000,949,1.0,170.801601222,2.50682094367,1.19639082243,71.274384341,2013-05-05 00:38:00,51,144,0,208,291,306,0,0,0,0,0,12054.69139,7857
77,950.0,4,40,10,0,1,411.008723404,12.22865958,2.649,180.498659574,426.67,3.0,201.125,94.0,48.0,86.0,1750,1750,0,82,1717,1000,950,1.0,170.205186943,2.5364056211,1.19155318807,83.149351886,2013-05-05 00:38:30,50,148,0,203,301,298,0,0,0,0,0,12228.65958,7943
78,946.0,4,45,9,0,1,401.096930693,12.40098689,2.629,193.117009901,444.0,3.0,198.333,101.0,183.0,81.0,1756,1756,0,83,1713,1000,946,1.0,149.296554606,2.56578984855,1.19220761615,70.2385341483,2013-05-05 00:39:00,54,147,0,200,314,285,0,0,0,0,0,12400.98689,8024
79,946.0,4,52,2,0,1,395.949111111,12.57346774,2.638,187.560544444,454.71,3.0,193.315,90.0,57.0,99.0,1712,1712,0,95,1718,1000,946,1.0,169.270777741,2.59574680458,1.19119939557,73.8591020087,2013-05-05 00:39:30,54,145,0,197,317,287,0,0,0,0,0,12573.46774,8123
80,942.0,4,52,6,0,1,382.439690722,12.74529626,2.633,194.463309278,411.92,3.0,203.33,97.0,169.0,92.0,1750,1750,0,88,1713,1000,942,1.0,147.932630727,2.62621737118,1.20096253064,75.8076472149,2013-05-05 00:40:00,58,144,0,192,319,287,0,0,0,0,0,12745.29626,8215
81,943.0,4,52,5,0,1,387.106547619,12.91352789,2.632,199.473607143,417.705,3.0,219.875,84.0,55.0,83.0,1717,1717,0,82,1713,1000,943,1.0,161.378171213,2.65510349813,1.20522860902,67.8805595752,2013-05-05 00:40:30,57,146,0,198,306,293,0,0,0,0,0,12913.52789,8298
82,947.0,4,47,6,0,1,383.847216495,13.08368662,2.616,187.452051546,440.13,3.0,191.5,97.0,184.0,81.0,1773,1773,0,78,1722,1000,947,1.0,167.11467628,2.68246043421,1.1842905049,71.0134723294,2013-05-05 00:41:00,53,146,0,211,312,278,0,0,0,0,0,13083.68662,8379
83,945.0,4,45,10,0,1,366.719305556,13.25248381,2.644,174.910851389,349.605,3.0,179.5,72.0,51.0,100.0,1725,1725,0,97,1719,1000,945,1.0,168.169554983,2.70978586325,1.20965449613,78.1798595599,2013-05-05 00:41:30,55,145,0,208,285,307,0,0,0,0,0,13252.48381,8479
84,945.0,4,49,6,0,1,413.323670886,13.4213256,2.661,184.546594937,480.71,3.0,193.54,79.0,170.0,96.0,1756,1756,0,96,1730,1000,945,1.0,168.777583536,2.7365352584,1.20916458764,71.1922770107,2013-05-05 00:42:00,55,134,0,226,265,320,0,0,0,0,0,13421.3256,8575
85,940.0,4,56,4,0,1,381.972882883,13.59031603,2.63,183.29336036,394.13,3.0,185.25,111.0,50.0,80.0,1745,1745,0,78,1709,1000,940,1.0,170.298304745,2.76059045827,1.23251774835,75.2259448028,2013-05-05 00:42:30,60,145,0,218,259,318,0,0,0,0,0,13590.31603,8655
86,943.0,4,50,7,0,1,371.94,13.76008975,2.628,179.856534091,400.13,3.0,187.5,88.0,158.0,86.0,1804,1804,0,84,1705,1000,943,1.0,169.146429093,2.78416103844,1.22947793799,72.8927176231,2013-05-05 00:43:00,57,153,0,210,265,315,0,0,0,0,0,13760.08975,8741
87,934.0,4,54,12,0,1,421.806933333,13.93067555,2.642,185.679026667,455.33,3.0,187.75,75.0,50.0,89.0,1750,1750,0,83,1696,1000,934,1.0,152.529146294,2.80981387147,1.24492409407,74.2493328189,2013-05-05 00:43:30,66,145,0,187,285,317,0,0,0,0,0,13930.67555,8830
88,931.0,4,59,10,0,1,391.49814433,14.09747658,2.617,193.694463918,429.17,3.0,204.13,97.0,163.0,72.0,1787,1787,0,72,1684,1000,931,1.0,158.01379619,2.83434577622,1.25630848123,74.687636677,2013-05-05 00:44:00,69,151,0,187,280,313,0,0,0,0,0,14097.47658,8902
89,929.0,4,64,7,0,1,400.342346939,14.26427271,2.611,177.492918367,433.58,3.0,183.7525,98.0,64.0,92.0,1740,1740,0,86,1683,1000,929,1.0,166.184293462,2.8567657125,1.257648202,80.7620924007,2013-05-05 00:44:30,71,150,0,185,285,309,0,0,0,0,0,14264.27271,8994
90,929.0,4,67,4,0,1,389.007428571,14.43425844,2.602,187.048961905,415.54,3.0,201.08,105.0,169.0,96.0,1783,1783,0,96,1685,1000,929,1.0,161.5053337,2.8802378949,1.25522746943,69.726230826,2013-05-05 00:45:00,71,148,0,196,278,307,0,0,0,0,0,14434.25844,9090
91,925.0,4,58,17,0,1,398.072954545,14.60532965,2.617,184.914295455,429.375,3.0,186.145,88.0,64.0,103.0,1728,1728,0,93,1679,1000,925,1.0,166.866691432,2.90374537174,1.26345201729,73.1832548427,2013-05-05 00:45:30,75,143,0,184,286,312,0,0,0,0,0,14605.32965,9193
92,927.0,4,55,18,0,1,396.136756757,14.77496807,2.63,164.671864865,426.355,3.0,168.56,74.0,169.0,87.0,1766,1766,0,78,1674,1000,927,1.0,176.258185642,2.9243814995,1.26929114076,83.1032766215,2013-05-05 00:46:00,73,149,0,174,283,321,0,0,0,0,0,14774.96807,9280
93,926.0,4,64,10,0,1,355.476235294,14.9437795,2.631,185.604964706,348.29,3.0,189.21,85.0,67.0,86.0,1712,1712,0,81,1666,1000,926,1.0,165.842249119,2.94500735453,1.28329225042,75.9493018997,2013-05-05 00:46:30,74,155,0,167,274,330,0,0,0,0,0,14943.7795,9366
94,931.0,4,49,20,0,1,376.298915663,15.1130514,2.63,183.511060241,404.92,3.0,188.21,83.0,181.0,82.0,1728,1728,0,76,1676,1000,931,1.0,172.641658384,2.9694735125,1.27400941912,74.0010317952,2013-05-05 00:47:00,69,154,0,189,254,334,0,0,0,0,0,15113.0514,9448
95,928.0,4,58,14,0,1,386.232169811,15.2800766,2.62,178.735820755,407.395,3.0,187.435,106.0,62.0,96.0,1666,1666,0,85,1676,1000,928,1.0,167.763632767,2.99243055345,1.26633328946,75.3015983652,2013-05-05 00:47:30,72,148,0,188,272,320,0,0,0,0,0,15280.0766,9544
96,929.0,4,59,12,0,1,364.127169811,15.4497381,2.599,181.04945283,360.165,3.0,185.65,106.0,166.0,85.0,1694,1694,0,75,1660,1000,929,1.0,171.136340504,3.01615516403,1.27600901251,80.9258826715,2013-05-05 00:48:00,71,162,0,183,265,319,0,0,0,0,0,15449.7381,9629
97,928.0,4,60,12,0,1,424.074545455,15.6217887,2.59,188.244875,478.81,3.0,191.875,88.0,44.0,79.0,1671,1671,0,73,1663,1000,928,1.0,159.762658468,3.04087848917,1.25853088957,74.7261215514,2013-05-05 00:48:30,72,159,0,172,301,296,0,0,0,0,0,15621.7887,9708
98,929.0,4,62,9,0,1,398.12890411,15.7924924,2.596,187.038191781,438.71,3.0,194.29,73.0,161.0,79.0,1698,1698,0,73,1665,1000,929,1.0,158.699038664,3.06136049608,1.25808743734,81.3269207636,2013-05-05 00:49:00,71,157,0,178,293,301,0,0,0,0,0,15792.4924,9787
99,927.0,4,66,7,0,1,404.684,15.9653035,2.584,184.185282353,446.5,3.0,192.92,85.0,62.0,73.0,1675,1675,0,69,1660,1000,927,1.0,162.424722627,3.08201966891,1.25894559056,79.0578439232,2013-05-05 00:49:30,73,155,0,184,291,297,0,0,0,0,0,15965.3035,9860
100,925.0,4,70,5,0,1,378.511827957,16.1383611,2.574,180.614623656,392.21,3.0,178.17,93.0,169.0,83.0,1754,1754,0,79,1662,1000,925,1.0,153.068313444,3.10682206391,1.26036661333,72.358605162,2013-05-05 00:50:00,75,149,0,201,277,298,0,0,0,0,0,16138.3611,9943
101,925.0,4,59,16,0,1,379.770125,16.3150077,2.582,195.7375,408.27,3.0,208.98,80.0,61.0,88.0,1717,1717,0,79,1665,1000,925,1.0,170.973443,3.13730775364,1.26145788673,72.7898294149,2013-05-05 00:50:30,75,146,0,204,272,303,0,0,0,0,0,16315.0077,10031
102,923.0,4,71,6,0,1,412.953939394,16.4927847,2.554,180.393909091,478.75,3.0,173.33,99.0,166.0,71.0,1794,1794,0,78,1654,1000,923,1.0,168.627534686,3.16598543853,1.26691909765,71.9121723387,2013-05-05 00:51:00,77,155,0,198,277,293,0,0,0,0,0,16492.7847,10102
103,923.0,4,67,10,0,1,396.635909091,16.6692522,2.563,171.277159091,454.645,3.0,163.335,88.0,59.0,97.0,1734,1734,0,90,1658,1000,923,1.0,171.769749815,3.1934873044,1.27123207952,81.2304549771,2013-05-05 00:51:30,77,151,0,207,262,303,0,0,0,0,0,16669.2522,10199
104,921.0,4,67,12,0,1,386.539634146,16.8416501,2.553,178.896707317,383.375,3.0,189.605,82.0,150.0,72.0,1818,1818,0,63,1647,1000,921,1.0,169.077939276,3.21810896113,1.27404513264,80.2769954755,2013-05-05 00:52:00,79,154,0,199,271,297,0,0,0,0,0,16841.6501,10271
105,921.0,4,60,19,0,1,379.822291667,17.0137777,2.553,181.472708333,404.685,3.0,183.855,96.0,57.0,96.0,1773,1773,0,86,1648,1000,921,1.0,168.698284998,3.24271809355,1.27404513264,80.3096997888,2013-05-05 00:52:30,79,154,0,199,271,297,0,0,0,0,0,17013.7777,10367
106,919.0,4,64,17,0,1,426.595212766,17.1864753,2.541,187.922797872,473.02,3.0,188.145,94.0,172.0,82.0,1826,1826,0,73,1644,1000,919,1.0,158.190073765,3.26482306425,1.27448774023,75.3757747381,2013-05-05 00:53:00,81,154,0,199,275,291,0,0,0,0,0,17186.4753,10449
107,921.0,4,62,17,0,1,380.067875,17.3608535,2.563,182.56375,380.46,3.0,196.355,80.0,55.0,102.0,1759,1759,0,93,1645,1000,921,1.0,166.794515952,3.28961045809,1.27672667396,77.7123689218,2013-05-05 00:53:30,79,154,0,193,273,301,0,0,0,0,0,17360.8535,10551
108,920.0,4,64,16,0,1,400.618860759,17.5342634,2.574,191.642151899,427.08,3.0,217.04,79.0,148.0,90.0,1839,1839,0,89,1641,1000,920,1.0,162.738487936,3.31313091434,1.2878369462,70.3815126163,2013-05-05 00:54:00,80,155,0,188,265,312,0,0,0,0,0,17534.2634,10641
109,924.0,4,65,11,0,1,382.074157303,17.7079497,2.583,174.215168539,401.75,3.0,166.96,89.0,58.0,98.0,1803,1803,0,93,1651,1000,924,1.0,171.708561917,3.33801409539,1.28105854667,80.5854955041,2013-05-05 00:54:30,76,156,0,192,261,315,0,0,0,0,0,17707.9497,10739
110,924.0,4,69,7,0,1,390.918765432,17.8802052,2.583,183.950617284,402.63,3.0,186.58,81.0,179.0,81.0,1855,1855,0,74,1649,1000,924,1.0,159.575683552,3.36311448897,1.27871458895,78.0003421225,2013-05-05 00:55:00,76,158,0,183,273,310,0,0,0,0,0,17880.2052,10820
111,925.0,4,65,10,0,1,365.124,18.0514976,2.598,186.210142857,409.395,3.0,200.27,70.0,63.0,85.0,1828,1828,0,76,1656,1000,925,1.0,166.612422512,3.38697391829,1.27451794809,69.4210317759,2013-05-05 00:55:30,75,152,0,188,270,315,0,0,0,0,0,18051.4976,10905
112,932.0,4,57,11,0,1,396.212613636,18.2226015,2.592,198.238386364,418.395,3.0,207.005,88.0,182.0,82.0,1851,1851,0,75,1651,1000,932,1.0,159.898973883,3.41177650162,1.259180686,73.0315327362,2013-05-05 00:56:00,68,164,0,180,284,304,0,0,0,0,0,18222.6015,10987
113,939.0,4,49,12,0,1,354.234404762,18.3953912,2.613,172.057261905,355.855,3.0,184.69,84.0,60.0,105.0,1800,1800,0,93,1654,1000,939,1.0,182.827505175,3.43994605326,1.25348753484,78.3371855287,2013-05-05 00:56:30,61,169,0,181,274,315,0,0,0,0,0,18395.3912,11092
114,937.0,4,61,2,0,1,392.423296703,18.5667326,2.62,185.436923077,419.88,3.0,191.04,91.0,183.0,98.0,1816,1816,0,92,1667,1000,937,1.0,166.061847528,3.46880644319,1.24963994815,70.4012104774,2013-05-05 00:57:00,63,157,0,194,269,317,0,0,0,0,0,18566.7326,11190
115,935.0,4,59,6,0,1,382.541170213,18.7414102,2.625,186.519574468,395.81,3.0,193.875,94.0,63.0,99.0,1755,1755,0,92,1665,1000,935,1.0,164.295556167,3.49419055566,1.25074977513,80.0105268728,2013-05-05 00:57:30,65,156,0,182,283,314,0,0,0,0,0,18741.4102,11289
116,938.0,4,57,5,0,1,406.070222222,18.9132117,2.612,191.092555556,460.44,3.0,196.52,90.0,175.0,77.0,1790,1790,0,68,1665,1000,938,1.0,169.279983689,3.51716616644,1.23994193412,69.6554159107,2013-05-05 00:58:00,62,159,0,189,285,305,0,0,0,0,0,18913.2117,11366
117,931.0,4,63,6,0,1,383.07345679,19.0843552,2.61,183.072345679,434.04,3.0,187.04,81.0,50.0,79.0,1767,1767,0,75,1656,1000,931,1.0,174.138497925,3.53829143473,1.26091236809,77.5271709164,2013-05-05 00:58:30,69,155,0,187,275,314,0,0,0,0,0,19084.3552,11445
118,931.0,4,60,9,0,1,431.319191919,19.2555994,2.59,181.365656566,482.71,3.0,176.54,99.0,183.0,79.0,1853,1853,0,69,1651,1000,931,1.0,161.674655939,3.55798932822,1.25853088957,69.7203133039,2013-05-05 00:59:00,69,157,0,196,271,307,0,0,0,0,0,19255.5994,11524
119,930.0,4,60,10,0,1,398.502045455,19.4279315,2.601,182.556022727,427.375,3.0,181.02,88.0,60.0,99.0,1797,1797,0,95,1650,1000,930,1.0,162.250670843,3.58001413712,1.26324938156,76.2787200389,2013-05-05 00:59:30,70,156,0,189,273,312,0,0,0,0,0,19427.9315,11623
120,930.0,4,60,10,0,1,343.221842105,19.5993075,2.603,188.667763158,353.815,3.0,203.52,76.0,183.0,78.0,1843,1843,0,77,1658,1000,930,1.0,169.927906917,3.60171941504,1.25195487139,72.6843839306,2013-05-05 01:00:00,70,149,0,194,282,305,0,0,0,0,0,19599.3075,11701
121,932.0,4,61,7,0,1,376.534090909,19.7737547,2.621,177.844431818,378.25,3.0,186.77,88.0,61.0,106.0,1762,1762,0,97,1661,1000,932,1.0,162.576326569,3.62600055352,1.24874296795,75.4864106653,2013-05-05 01:00:30,68,149,0,186,288,309,0,0,0,0,0,19773.7547,11807
122,924.0,4,72,4,0,1,365.594137931,19.9492312,2.617,186.097816092,371.58,3.0,191.46,87.0,172.0,83.0,1822,1822,0,82,1664,1000,924,1.0,177.882027751,3.64930313493,1.25551224606,75.0906540617,2013-05-05 01:01:00,76,135,0,192,290,307,0,0,0,0,0,19949.2312,11890
123,928.0,4,62,10,0,1,355.457888889,20.1271929,2.637,174.195333333,389.665,3.0,185.685,89.0,61.0,109.0,1742,1742,0,97,1667,1000,928,1.0,175.419550928,3.67067140574,1.25268950662,73.5608793253,2013-05-05 01:01:30,72,139,0,183,292,314,0,0,0,0,0,20127.1929,11999
124,933.0,4,63,4,0,1,415.868297872,20.3022783,2.616,184.18787234,483.665,3.0,193.0,94.0,188.0,73.0,1779,1779,0,70,1661,1000,933,1.0,164.762406117,3.69011965311,1.23634299448,73.8409900419,2013-05-05 01:02:00,67,150,0,178,310,295,0,0,0,0,0,20302.2783,12072
125,938.0,4,59,3,0,1,398.856395349,20.4767006,2.613,180.609069767,430.685,3.0,202.31,86.0,54.0,83.0,1749,1749,0,77,1659,1000,938,1.0,171.357342253,3.71203801922,1.23419244853,87.8057546007,2013-05-05 01:02:30,62,159,0,181,300,298,0,0,0,0,0,20476.7006,12155
126,935.0,4,63,2,0,1,406.573186813,20.6524917,2.601,197.068021978,459.25,3.0,212.37,91.0,158.0,79.0,1841,1841,0,79,1669,1000,935,1.0,169.071811031,3.73448604579,1.23198985385,72.3233048212,2013-05-05 01:03:00,65,151,0,195,296,293,0,0,0,0,0,20652.4917,12234
127,939.0,4,57,4,0,1,391.032613636,20.8275275,2.607,193.877386364,436.23,3.0,203.52,88.0,57.0,94.0,1793,1793,0,85,1680,1000,939,1.0,157.730872371,3.75226324507,1.2143109157,71.8556928613,2013-05-05 01:03:30,61,145,0,210,294,290,0,0,0,0,0,20827.5275,12328
128,937.0,4,59,4,0,1,381.574791667,20.9998097,2.608,177.757083333,390.52,3.0,183.565,96.0,201.0,97.0,1800,1800,0,91,1672,1000,937,1.0,168.247347564,3.76920602892,1.22977071034,66.2922197691,2013-05-05 01:04:00,63,149,0,204,285,299,0,0,0,0,0,20999.8097,12425
129,936.0,4,57,7,0,1,397.57,21.1707719,2.607,188.095897436,441.48,3.0,190.85,78.0,53.0,77.0,1761,1761,0,80,1671,1000,936,1.0,174.866773757,3.78510283517,1.23553672548,76.2870279734,2013-05-05 01:04:30,64,150,0,203,281,302,0,0,0,0,0,21170.7719,12502
130,936.0,4,58,6,0,1,384.673932584,21.341661,2.617,193.246629213,407.62,3.0,213.08,89.0,184.0,99.0,1770,1770,0,90,1681,1000,936,1.0,171.310550956,3.80093594674,1.2297605458,79.018555934,2013-05-05 01:05:00,64,143,0,208,282,303,0,0,0,0,0,21341.661,12601
131,938.0,4,58,4,0,1,392.525842697,21.5140993,2.626,186.106853933,426.38,3.0,204.25,89.0,54.0,98.0,1718,1718,0,99,1681,1000,938,1.0,173.741152809,3.81923101878,1.23293308821,75.9646683633,2013-05-05 01:05:30,62,145,0,210,271,312,0,0,0,0,0,21514.0993,12699
132,934.0,4,62,4,0,1,378.537472527,21.684875,2.606,188.097032967,397.42,3.0,192.92,91.0,173.0,71.0,1764,1764,0,68,1680,1000,934,1.0,167.540860383,3.83734071688,1.22913140062,75.5340387354,2013-05-05 01:06:00,66,141,0,211,285,297,0,0,0,0,0,21684.875,12770
133,939.0,4,55,6,0,1,390.15739726,21.8560662,2.637,188.273561644,377.08,3.0,201.75,73.0,40.0,104.0,1713,1713,0,94,1690,1000,939,1.0,170.442839356,3.8552003342,1.21459087762,73.5519418994,2013-05-05 01:06:30,61,138,0,205,295,301,0,0,0,0,0,21856.0662,12874
134,942.0,4,54,4,0,1,388.024810127,22.0282719,2.664,175.155316456,413.08,3.0,189.54,79.0,160.0,106.0,1722,1722,0,100,1702,1000,942,1.0,176.950642055,3.87149113621,1.21536167456,75.859849203,2013-05-05 01:07:00,58,135,0,210,279,318,0,0,0,0,0,22028.2719,12980
135,945.0,4,52,3,0,1,399.815425532,22.2014833,2.663,182.151382979,472.96,3.0,193.9,94.0,63.0,93.0,1676,1676,0,88,1700,1000,945,1.0,182.598622176,3.8891111094,1.21054987506,71.1080162701,2013-05-05 01:07:30,55,141,0,205,284,315,0,0,0,0,0,22201.4833,13073
136,945.0,4,51,4,0,1,403.158785047,22.3758999,2.639,174.502990654,483.58,3.0,172.21,107.0,183.0,83.0,1681,1681,0,78,1699,1000,945,1.0,174.443024192,3.90269987536,1.20775783997,78.4054902142,2013-05-05 01:08:00,55,144,0,213,283,305,0,0,0,0,0,22375.8999,13156
137,942.0,4,58,0,0,1,380.718837209,22.5504907,2.647,189.015,427.04,3.0,199.855,86.0,47.0,94.0,1642,1642,0,93,1699,1000,942,1.0,172.824647645,3.91542522296,1.20846638348,76.170100063,2013-05-05 01:08:30,58,139,0,204,296,303,0,0,0,0,0,22550.4907,13250
138,944.0,4,56,0,0,1,393.320136986,22.725183,2.645,178.983424658,452.67,3.0,192.54,73.0,173.0,71.0,1690,1690,0,66,1697,1000,944,1.0,172.089680535,3.93178939437,1.21036151624,76.6149544439,2013-05-05 01:09:00,56,143,0,208,286,307,0,0,0,0,0,22725.183,13321
139,938.0,4,57,5,0,1,359.277916667,22.8993342,2.658,167.747083333,359.31,3.0,165.48,72.0,54.0,85.0,1650,1650,0,88,1702,1000,938,1.0,184.72526789,3.95069718804,1.22679908706,80.7903432664,2013-05-05 01:09:30,62,131,0,217,267,323,0,0,0,0,0,22899.3342,13406
140,938.0,4,52,10,0,1,384.993942308,23.0723162,2.63,190.770096154,377.75,3.0,193.145,104.0,152.0,76.0,1725,1725,0,73,1700,1000,938,1.0,167.617207537,3.97030712146,1.21618255209,70.6051898356,2013-05-05 01:10:00,62,135,0,216,285,302,0,0,0,0,0,23072.3162,13482
141,939.0,4,57,4,0,1,366.815555556,23.2442245,2.632,179.121604938,385.79,3.0,190.96,81.0,61.0,83.0,1678,1678,0,73,1698,1000,939,1.0,164.292944635,3.99177271375,1.20937008397,77.9916015811,2013-05-05 01:10:30,61,135,0,212,295,297,0,0,0,0,0,23244.2245,13565
142,939.0,4,56,5,0,1,413.515263158,23.4157416,2.636,192.208552632,471.54,3.0,208.375,76.0,169.0,80.0,1745,1745,0,72,1701,1000,939,1.0,163.643610585,4.01249708615,1.21223100109,72.8660604466,2013-05-05 01:11:00,61,135,0,212,291,301,0,0,0,0,0,23415.7416,13645
143,941.0,4,56,3,0,1,376.559875,23.5885803,2.636,183.6275,408.685,3.0,197.21,80.0,50.0,80.0,1701,1701,0,82,1700,1000,941,1.0,168.518310611,4.03493301915,1.20892679679,80.0537070894,2013-05-05 01:11:30,59,140,0,205,298,298,0,0,0,0,0,23588.5803,13725
144,941.0,4,55,4,0,1,371.401546392,23.7614625,2.607,194.747628866,382.5,3.0,207.71,97.0,157.0,68.0,1742,1742,0,63,1690,1000,941,1.0,169.978818713,4.05617639935,1.20853258127,69.3266024835,2013-05-05 01:12:00,59,148,0,206,301,286,0,0,0,0,0,23761.4625,13793
145,941.0,4,48,11,0,1,393.529135802,23.9325453,2.599,178.712345679,430.17,3.0,190.54,80.0,62.0,72.0,1694,1694,0,67,1680,1000,941,1.0,177.301518325,4.07445780301,1.22073707243,77.2247167666,2013-05-05 01:12:30,59,155,0,207,286,293,0,0,0,0,0,23932.5453,13865
146,944.0,4,49,7,0,1,415.761898734,24.1038571,2.608,191.440126582,449.04,3.0,209.08,79.0,161.0,88.0,1721,1721,0,81,1683,1000,944,1.0,163.758655762,4.08978973368,1.21833328773,78.2963626634,2013-05-05 01:13:00,56,159,0,202,287,296,0,0,0,0,0,24103.8571,13953
147,944.0,4,54,2,0,1,377.443098592,24.2755549,2.63,204.541267606,394.13,3.0,229.42,71.0,62.0,93.0,1647,1647,0,91,1697,1000,944,1.0,157.58372609,4.10162040042,1.21782593173,74.4347835343,2013-05-05 01:13:30,56,146,0,221,266,311,0,0,0,0,0,24275.5549,14046
148,949.0,4,46,5,0,1,410.176527778,24.4495259,2.658,187.585,451.585,3.0,195.875,72.0,159.0,100.0,1670,1670,0,87,1698,1000,949,1.0,163.382143542,4.1154000145,1.20624873057,70.5352538136,2013-05-05 01:14:00,51,149,0,204,283,313,0,0,0,0,0,24449.5259,14146
149,943.0,4,45,12,0,1,343.492857143,24.6242386,2.632,183.942095238,323.29,3.0,189.75,105.0,67.0,79.0,1613,1613,0,74,1687,1000,943,1.0,176.516505532,4.12922734836,1.22334623063,76.6121906586,2013-05-05 01:14:30,57,149,0,211,271,312,0,0,0,0,0,24624.2386,14225
150,943.0,4,49,8,0,1,396.17125,24.7970257,2.619,192.866125,412.96,3.0,215.5,80.0,161.0,67.0,1699,1699,0,68,1678,1000,943,1.0,163.092429042,4.14190603844,1.23605784654,79.3981659501,2013-05-05 01:15:00,57,156,0,217,251,319,0,0,0,0,0,24797.0257,14292
151,940.0,4,58,2,0,1,337.963368421,24.9708983,2.622,177.647368421,318.33,3.0,193.79,95.0,51.0,98.0,1637,1637,0,100,1686,1000,940,1.0,171.34449158,4.15353421891,1.24141693238,70.997004699,2013-05-05 01:15:30,60,150,0,221,246,323,0,0,0,0,0,24970.8983,14390
152,942.0,4,51,7,0,1,356.062051282,25.1428591,2.613,174.87525641,338.48,3.0,192.085,78.0,195.0,69.0,1656,1656,0,65,1689,1000,942,1.0,165.834584315,4.16461480465,1.22606321207,82.3862959684,2013-05-05 01:16:00,58,152,0,216,267,307,0,0,0,0,0,25142.8591,14459
153,944.0,4,54,2,0,1,379.955326087,25.3152384,2.612,185.983043478,403.23,3.0,190.775,92.0,53.0,91.0,1593,1593,0,90,1687,1000,944,1.0,166.023440281,4.17798217322,1.22043271015,65.2370368722,2013-05-05 01:16:30,56,154,0,216,270,304,0,0,0,0,0,25315.2384,14550
154,949.0,4,42,9,0,1,401.092035398,25.4879812,2.58,200.526017699,436.04,3.0,211.92,113.0,146.0,81.0,1637,1637,0,69,1683,1000,949,1.0,164.147358501,4.19028411106,1.20066648158,66.8480618465,2013-05-05 01:17:00,51,164,0,221,282,282,0,0,0,0,0,25487.9812,14631
155,942.0,4,39,19,0,1,402.085505618,25.6584004,2.574,191.192134831,458.12,3.0,188.46,89.0,52.0,83.0,1589,1589,0,86,1680,1000,942,1.0,162.55224684,4.20269320793,1.21676784967,75.8897144586,2013-05-05 01:17:30,58,158,0,222,276,286,0,0,0,0,0,25658.4004,14714
156,937.0,4,51,12,0,1,409.683298969,25.8298587,2.555,183.615876289,439.0,3.0,182.92,97.0,157.0,78.0,1613,1613,0,78,1680,1000,937,1.0,165.56513371,4.21879438593,1.21941584375,75.5006419274,2013-05-05 01:18:00,63,156,0,219,287,275,0,0,0,0,0,25829.8587,14792
157,939.0,4,48,13,0,1,378.88741573,26.0035542,2.546,187.097640449,392.0,3.0,203.38,89.0,41.0,80.0,1581,1581,0,69,1671,1000,939,1.0,175.312484352,4.23304273394,1.22224547453,88.2667884279,2013-05-05 01:18:30,61,164,0,219,280,276,0,0,0,0,0,26003.5542,14872
158,940.0,4,41,19,0,1,389.801041667,26.1759477,2.52,188.94125,448.15,3.0,200.31,96.0,159.0,70.0,1650,1650,0,68,1661,1000,940,1.0,176.334066881,4.24814342482,1.21803119829,72.2585756625,2013-05-05 01:19:00,60,176,0,209,294,261,0,0,0,0,0,26175.9477,14942
159,935.0,4,52,13,0,1,392.94393617,26.3463864,2.511,189.256914894,436.395,3.0,200.855,94.0,55.0,85.0,1599,1599,0,81,1659,1000,935,1.0,157.471430352,4.26284017594,1.2295848893,73.7804511678,2013-05-05 01:19:30,65,171,0,217,282,265,0,0,0,0,0,26346.3864,15027
160,936.0,4,56,8,0,1,372.82,26.5174585,2.501,184.294146341,362.415,3.0,189.145,82.0,179.0,72.0,1619,1619,0,64,1650,1000,936,1.0,173.796641103,4.27949379231,1.23288239504,71.8356919737,2013-05-05 01:20:00,64,179,0,213,280,264,0,0,0,0,0,26517.4585,15099
161,936.0,4,52,12,0,1,398.339263158,26.6888801,2.495,190.379052632,460.04,3.0,208.5,95.0,61.0,89.0,1555,1555,0,85,1657,1000,936,1.0,173.384658948,4.29139732649,1.2239178894,75.3211531353,2013-05-05 01:20:30,64,173,0,226,278,259,0,0,0,0,0,26688.8801,15188
162,935.0,4,55,10,0,1,381.116184211,26.8565355,2.498,190.935921053,369.5,3.0,199.105,76.0,149.0,79.0,1608,1608,0,71,1646,1000,935,1.0,165.344974045,4.30172910411,1.23612135327,74.1587506846,2013-05-05 01:21:00,65,180,0,211,280,264,0,0,0,0,0,26856.5355,15267
163,937.0,4,59,4,0,1,371.089759036,27.0264071,2.494,182.072771084,379.04,3.0,188.79,83.0,49.0,79.0,1575,1575,0,70,1639,1000,937,1.0,173.933961835,4.31691558608,1.23934014701,77.7774364765,2013-05-05 01:21:30,63,186,0,213,270,268,0,0,0,0,0,27026.4071,15346
164,934.0,4,52,14,0,1,383.988390805,27.1953604,2.49,173.687011494,423.71,3.0,182.38,87.0,156.0,83.0,1632,1632,0,78,1640,1000,934,1.0,165.400417364,4.33249123455,1.248959567,82.1133903722,2013-05-05 01:22:00,66,182,0,223,254,275,0,0,0,0,0,27195.3604,15429
165,932.0,4,56,12,0,1,373.033243243,27.3642298,2.478,158.092972973,386.125,3.0,149.915,74.0,44.0,62.0,1618,1618,0,58,1639,1000,932,1.0,175.853768444,4.34660594758,1.24960633801,80.3110234218,2013-05-05 01:22:30,68,179,0,233,247,273,0,0,0,0,0,27364.2298,15491
166,936.0,4,56,8,0,1,392.296744186,27.5371718,2.475,181.669302326,438.19,3.0,192.69,86.0,158.0,83.0,1674,1674,0,66,1640,1000,936,1.0,169.550701503,4.3639158936,1.24313112744,75.8921773061,2013-05-05 01:23:00,64,181,0,246,234,275,0,0,0,0,0,27537.1718,15574
167,931.0,4,52,17,0,1,382.63,27.7099035,2.481,182.7922,401.475,3.0,195.85,100.0,56.0,106.0,1598,1598,0,92,1633,1000,931,1.0,170.101906838,4.38086475074,1.24885507566,76.0512010369,2013-05-05 01:23:30,69,177,0,229,254,271,0,0,0,0,0,27709.9035,15680
168,928.0,4,50,22,0,1,415.085185185,27.883105,2.47,191.788641975,433.17,3.0,194.08,81.0,165.0,70.0,1653,1653,0,70,1628,1000,928,1.0,152.013633064,4.39921044773,1.24623432789,74.8469414626,2013-05-05 01:24:00,72,175,0,225,267,261,0,0,0,0,0,27883.105,15750
169,923.0,4,56,21,0,1,342.882987013,28.0559206,2.471,171.916753247,343.96,3.0,183.75,77.0,47.0,78.0,1646,1646,0,71,1621,1000,923,1.0,182.728457,4.41547573442,1.26299604117,74.3650707604,2013-05-05 01:24:30,77,176,0,212,269,266,0,0,0,0,0,28055.9206,15828
170,925.0,4,59,16,0,1,383.562626263,28.2313053,2.47,189.63,401.33,3.0,189.21,99.0,159.0,98.0,1630,1630,0,92,1617,1000,925,1.0,161.17662528,4.43442389152,1.26138812425,69.9046698343,2013-05-05 01:25:00,75,182,0,205,274,264,0,0,0,0,0,28231.3053,15926
171,921.0,4,53,26,0,1,382.77490566,28.406715,2.444,177.213867925,429.435,3.0,179.29,106.0,43.0,80.0,1590,1590,0,79,1613,1000,921,1.0,180.505889734,4.45439533222,1.26446194091,80.8854543629,2013-05-05 01:25:30,79,183,0,209,273,256,0,0,0,0,0,28406.715,16006
172,922.0,4,62,16,0,1,404.491573034,28.5857157,2.447,180.208876404,449.21,3.0,177.13,89.0,168.0,92.0,1633,1633,0,85,1610,1000,922,1.0,161.144820008,4.47648830229,1.27168824796,80.1920021151,2013-05-05 01:26:00,78,188,0,206,265,263,0,0,0,0,0,28585.7157,16098
173,914.0,4,59,27,0,1,376.28258427,28.7638769,2.434,168.926629213,377.17,3.0,166.04,89.0,61.0,76.0,1577,1577,0,67,1602,1000,914,1.0,176.297116667,4.49746207658,1.28594090066,77.6407455281,2013-05-05 01:26:30,86,180,0,214,254,266,0,0,0,0,0,28763.8769,16174
174,911.0,4,68,21,0,1,396.993452381,28.9406146,2.412,182.253928571,454.315,3.0,185.335,84.0,162.0,62.0,1614,1614,0,64,1597,1000,911,1.0,164.305782218,4.51893401514,1.27916222583,72.5553832307,2013-05-05 01:27:00,89,180,0,211,270,250,0,0,0,0,0,28940.6146,16236
175,911.0,4,65,24,0,1,388.337934783,29.1158364,2.394,186.02173913,383.33,3.0,186.19,92.0,43.0,74.0,1583,1583,0,68,1587,1000,911,1.0,161.200621145,4.53988071437,1.27857889862,66.0305502023,2013-05-05 01:27:30,89,188,0,206,274,243,0,0,0,0,0,29115.8364,16310
176,910.0,4,76,14,0,1,358.328552632,29.2897692,2.379,170.346315789,397.145,3.0,163.045,76.0,168.0,61.0,1632,1632,0,53,1576,1000,910,1.0,167.730629784,4.56145531876,1.28893715906,79.3300223557,2013-05-05 01:28:00,90,195,0,209,258,248,0,0,0,0,0,29289.7692,16371
177,906.0,4,74,20,0,1,392.020454545,29.4667364,2.372,177.448409091,459.02,3.0,179.645,88.0,47.0,81.0,1591,1591,0,76,1573,1000,906,1.0,177.500233194,4.58009424492,1.29831275123,75.8504618834,2013-05-05 01:28:30,94,193,0,211,251,251,0,0,0,0,0,29466.7364,16452
178,903.0,4,80,17,0,1,370.63597561,29.6443329,2.358,181.216829268,375.79,2.0,179.125,82.0,175.0,68.0,1583,1583,0,64,1576,1000,903,1.0,175.361817269,4.59861905411,1.29222134327,78.2660648806,2013-05-05 01:29:00,97,186,0,222,252,243,0,0,0,0,0,29644.3329,16520
179,902.0,4,80,18,0,1,396.671904762,29.8198448,2.338,173.88797619,436.5,2.0,166.83,84.0,80.0,64.0,1530,1530,0,62,1569,1000,902,1.0,169.118828635,4.61646172265,1.28909115271,78.9118383415,2013-05-05 01:29:30,98,188,0,229,248,237,0,0,0,0,0,29819.8448,16584
180,900.0,4,84,16,0,1,436.176578947,29.9958139,2.333,184.146315789,492.395,2.0,211.105,76.0,145.0,71.0,1570,1570,0,69,1562,1000,900,1.0,161.05364968,4.63306153602,1.29232774481,86.0315036368,2013-05-05 01:30:00,100,189,0,224,252,235,0,0,0,0,0,29995.8139,16655
181,902.0,4,85,13,0,1,365.578791209,30.1730628,2.329,179.020879121,352.83,2.0,184.83,91.0,52.0,87.0,1510,1510,0,71,1552,1000,902,1.0,173.883755194,4.6509304983,1.29257843089,70.852642372,2013-05-05 01:30:30,98,199,0,211,260,232,0,0,0,0,0,30173.0628,16742
182,902.0,4,75,23,0,1,406.850138889,30.34861,2.338,180.701527778,432.83,2.0,182.5,72.0,172.0,81.0,1518,1518,0,76,1553,1000,902,1.0,155.901670074,4.66784667686,1.29296403662,70.6605437336,2013-05-05 01:31:00,98,197,0,207,265,233,0,0,0,0,0,30348.61,16823
183,905.0,4,85,10,0,1,361.250533333,30.5228006,2.346,183.071333333,336.46,2.0,192.96,75.0,53.0,83.0,1453,1453,0,80,1556,1000,905,1.0,155.20378631,4.68516847792,1.29162068735,74.0914708782,2013-05-05 01:31:30,95,199,0,208,261,237,0,0,0,0,0,30522.8006,16906
184,909.0,4,73,18,0,1,384.101492537,30.6966552,2.342,201.785223881,442.71,2.0,214.17,67.0,145.0,63.0,1496,1496,0,50,1547,1000,909,1.0,168.549236991,4.70134141868,1.28725910368,71.7219758857,2013-05-05 01:32:00,91,209,0,201,265,234,0,0,0,0,0,30696.6552,16969
185,904.0,4,73,23,0,1,413.371566265,30.8721489,2.349,184.721566265,459.42,3.0,195.63,83.0,48.0,90.0,1464,1464,0,85,1552,1000,904,1.0,168.179149579,4.71644693703,1.29583911038,79.4158669692,2013-05-05 01:32:30,96,199,0,204,262,239,0,0,0,0,0,30872.1489,17059
186,910.0,4,78,12,0,1,354.117763158,31.047848,2.326,163.532105263,319.35,2.0,166.54,76.0,163.0,53.0,1511,1511,0,50,1552,1000,910,1.0,187.484630525,4.7327212039,1.27189779464,77.3041913536,2013-05-05 01:33:00,90,208,0,209,272,221,0,0,0,0,0,31047.848,17112
187,909.0,4,77,14,0,1,387.832666667,31.2251812,2.319,191.781555556,384.085,2.0,214.585,90.0,53.0,83.0,1458,1458,0,77,1540,1000,909,1.0,162.834691068,4.75199304715,1.28656091966,75.0621488414,2013-05-05 01:33:30,91,218,0,200,263,228,0,0,0,0,0,31225.1812,17195
188,901.0,4,85,14,0,1,374.744883721,31.4016175,2.313,195.870232558,383.875,2.0,194.02,86.0,140.0,80.0,1510,1510,0,71,1537,1000,901,1.0,170.330371814,4.77214864385,1.29731684642,73.4012240722,2013-05-05 01:34:00,99,209,0,200,264,228,0,0,0,0,0,31401.6175,17275
189,903.0,4,75,22,0,1,345.955505618,31.5779463,2.306,173.543483146,336.0,2.0,171.71,89.0,53.0,82.0,1450,1450,0,72,1535,1000,903,1.0,168.130565222,4.79389183314,1.29937061688,78.4653879911,2013-05-05 01:34:30,97,212,0,214,242,235,0,0,0,0,0,31577.9463,17357
190,902.0,4,74,24,0,1,377.011923077,31.7521874,2.293,177.138461538,422.71,2.0,183.375,78.0,146.0,65.0,1502,1502,0,59,1528,1000,902,1.0,183.403504783,4.81134042822,1.2973630949,72.1514293989,2013-05-05 01:35:00,98,215,0,212,246,229,0,0,0,0,0,31752.1874,17422
191,898.0,4,75,27,0,1,395.486774194,31.9250193,2.274,190.113655914,428.83,2.0,206.71,93.0,41.0,74.0,1474,1474,0,68,1516,1000,898,1.0,164.30905502,4.82744264163,1.30725819944,70.0728014633,2013-05-05 01:35:30,102,220,0,209,240,229,0,0,0,0,0,31925.0193,17496
192,891.0,4,90,19,0,1,408.592394366,32.0952235,2.271,190.487042254,475.04,2.0,205.54,71.0,147.0,68.0,1520,1520,0,67,1516,1000,891,1.0,161.059499446,4.84390198952,1.31816501243,76.3150996152,2013-05-05 01:36:00,109,211,0,212,236,232,0,0,0,0,0,32095.2235,17564
193,891.0,4,85,24,0,1,362.332375,32.2677996,2.263,169.61375,386.23,2.0,180.98,80.0,38.0,72.0,1498,1498,0,63,1511,1000,891,1.0,174.082127021,4.86210414333,1.31446985511,78.9967060765,2013-05-05 01:36:30,109,215,0,205,246,225,0,0,0,0,0,32267.7996,17636
194,893.0,4,80,27,0,1,404.608125,32.4381674,2.272,178.940625,437.995,2.0,171.605,64.0,133.0,73.0,1539,1539,0,66,1509,1000,893,1.0,165.472108855,4.88053496038,1.31530072607,66.8010456008,2013-05-05 01:37:00,107,219,0,195,253,226,0,0,0,0,0,32438.1674,17709
195,894.0,4,76,30,0,1,368.576833333,32.6075756,2.3,170.035833333,412.54,2.0,172.875,60.0,52.0,88.0,1489,1489,0,75,1513,1000,894,1.0,173.369078947,4.89608839213,1.32060592154,77.1168965336,2013-05-05 01:37:30,106,213,0,192,253,236,0,0,0,0,0,32607.5756,17797
196,898.0,4,73,29,0,1,377.488170732,32.7800629,2.292,173.402560976,388.375,2.0,179.065,82.0,148.0,74.0,1531,1531,0,64,1503,1000,898,1.0,168.815769154,4.91105286302,1.32390936246,83.152485301,2013-05-05 01:38:00,102,221,0,206,225,246,0,0,0,0,0,32780.0629,17871
197,897.0,4,70,33,0,1,356.604090909,32.9518699,2.29,182.379772727,370.645,2.0,188.98,88.0,51.0,86.0,1478,1478,0,75,1503,1000,897,1.0,175.08768183,4.92801645467,1.32585821263,77.1990188789,2013-05-05 01:38:30,103,220,0,208,222,247,0,0,0,0,0,32951.8699,17957
198,893.0,4,83,24,0,1,387.198933333,33.1232441,2.283,180.0532,440.08,2.0,189.33,75.0,137.0,68.0,1510,1510,0,61,1499,1000,893,1.0,177.445906293,4.94241963705,1.32925204532,72.8804018679,2013-05-05 01:39:00,107,217,0,206,226,244,0,0,0,0,0,33123.2441,18025
199,887.0,4,85,28,0,1,408.74974359,33.2954309,2.276,179.281538462,460.125,2.0,190.185,78.0,44.0,71.0,1485,1485,0,58,1486,1000,887,1.0,165.017803934,4.9566585866,1.34082959395,69.2614556493,2013-05-05 01:39:30,113,214,0,203,224,246,0,0,0,0,0,33295.4309,18096
200,889.0,4,77,34,0,1,372.495955056,33.4659513,2.257,174.86494382,363.87,2.0,196.08,89.0,151.0,70.0,1516,1516,0,63,1481,1000,889,1.0,167.789740066,4.97034637847,1.3292670913,78.6855769106,2013-05-05 01:40:00,111,222,0,199,235,233,0,0,0,0,0,33465.9513,18166
201,886.0,4,83,31,0,1,384.08011236,33.6381556,2.259,199.134719101,368.21,2.0,223.58,89.0,52.0,91.0,1458,1458,0,93,1491,1000,886,1.0,157.789994225,4.98170743204,1.33263610937,79.6060871859,2013-05-05 01:40:30,114,216,0,201,235,234,0,0,0,0,0,33638.1556,18257
202,886.0,4,82,32,0,1,337.331022727,33.8100459,2.255,166.65125,344.125,2.0,167.17,88.0,145.0,84.0,1481,1481,0,75,1488,1000,886,1.0,185.182715367,4.99445089982,1.33640375636,75.26917531,2013-05-05 01:41:00,114,217,0,208,222,239,0,0,0,0,0,33810.0459,18341
203,884.0,4,83,33,0,1,385.160365854,33.9825594,2.253,181.215121951,442.5,2.0,189.415,82.0,52.0,80.0,1415,1415,0,72,1496,1000,884,1.0,162.035239147,5.01078722472,1.32551537147,73.8732350991,2013-05-05 01:41:30,116,207,0,214,234,229,0,0,0,0,0,33982.5594,18421
204,884.0,4,93,23,0,1,410.332142857,34.1550138,2.269,195.787142857,446.02,2.0,204.895,56.0,145.0,72.0,1446,1446,0,65,1504,1000,884,1.0,152.7195511,5.02780277531,1.32236114583,74.2105062045,2013-05-05 01:42:00,116,200,0,211,245,228,0,0,0,0,0,34155.0138,18493
205,883.0,4,84,33,0,1,368.534153846,34.3272965,2.284,177.079538462,404.21,2.0,175.62,65.0,38.0,80.0,1426,1426,0,73,1510,1000,883,1.0,181.338634527,5.04146300233,1.32338354229,76.8066688096,2013-05-05 01:42:30,117,193,0,209,251,230,0,0,0,0,0,34327.2965,18573
206,885.0,4,94,21,0,1,385.397088608,34.5011147,2.278,187.283544304,403.79,2.0,197.33,79.0,129.0,73.0,1474,1474,0,63,1504,1000,885,1.0,170.573724245,5.05634616676,1.32163383734,69.0626239395,2013-05-05 01:43:00,115,199,0,208,249,229,0,0,0,0,0,34501.1147,18646
207,883.0,4,90,27,0,1,368.245411765,34.6747861,2.287,176.641176471,379.79,2.0,168.67,85.0,56.0,94.0,1399,1399,0,88,1507,1000,883,1.0,163.757975163,5.07286996597,1.32839414332,81.224075414,2013-05-05 01:43:30,117,190,0,221,233,239,0,0,0,0,0,34674.7861,18740
208,889.0,4,89,22,0,1,355.613670886,34.8480354,2.277,179.077341772,357.46,2.0,182.38,79.0,137.0,69.0,1429,1429,0,61,1499,1000,889,1.0,169.246580753,5.08857485632,1.31843505718,79.4480439525,2013-05-05 01:44:00,111,205,0,211,242,231,0,0,0,0,0,34848.0354,18809
209,889.0,4,82,29,0,1,390.068072289,35.0225214,2.28,171.423012048,457.0,2.0,177.83,83.0,40.0,86.0,1392,1392,0,79,1493,1000,889,1.0,183.482536633,5.10699856321,1.33401649165,83.1203541357,2013-05-05 01:44:30,111,211,0,210,223,245,0,0,0,0,0,35022.5214,18895
210,893.0,4,78,29,0,1,367.150217391,35.1982346,2.256,182.173586957,378.105,2.0,179.295,92.0,132.0,68.0,1437,1437,0,63,1490,1000,893,1.0,173.842394433,5.12463222774,1.31242675986,71.8276788962,2013-05-05 01:45:00,107,218,0,214,234,227,0,0,0,0,0,35198.2346,18963
211,886.0,4,75,39,0,1,382.82010989,35.3717664,2.251,178.510769231,400.0,2.0,180.96,91.0,46.0,86.0,1377,1377,0,77,1496,1000,886,1.0,165.513461911,5.14213887352,1.31529426365,74.181092082,2013-05-05 01:45:30,114,201,0,233,224,228,0,0,0,0,0,35371.7664,19049
212,889.0,4,75,36,0,1,390.208695652,35.5458169,2.239,190.43173913,415.79,2.0,195.21,69.0,135.0,57.0,1445,1445,0,49,1485,1000,889,1.0,170.794457984,5.15983490954,1.30838793941,76.9709788517,2013-05-05 01:46:00,111,211,0,227,230,221,0,0,0,0,0,35545.8169,19106
213,885.0,4,75,40,0,1,386.721875,35.7205995,2.223,162.683020833,415.855,2.0,165.625,96.0,36.0,80.0,1404,1404,0,75,1486,1000,885,1.0,163.972514124,5.17788445723,1.30586025286,78.6229339967,2013-05-05 01:46:30,115,207,0,232,232,214,0,0,0,0,0,35720.5995,19186
214,887.0,4,87,26,0,1,376.097681159,35.8932994,2.222,171.836666667,396.87,2.0,177.33,69.0,134.0,68.0,1450,1450,0,60,1478,1000,887,1.0,174.079738694,5.19379255988,1.31328443225,76.1948133703,2013-05-05 01:47:00,113,219,0,219,231,218,0,0,0,0,0,35893.2994,19254
215,883.0,4,75,42,0,1,367.15030303,36.0668407,2.242,174.14030303,374.42,2.0,161.065,66.0,52.0,86.0,1405,1405,0,78,1479,1000,883,1.0,175.069255482,5.20798420179,1.32794427594,78.6457796932,2013-05-05 01:47:30,117,210,0,216,228,229,0,0,0,0,0,36066.8407,19340
216,880.0,4,90,30,0,1,350.490547945,36.2433712,2.238,189.780547945,298.67,2.0,180.67,73.0,126.0,69.0,1472,1472,0,58,1469,1000,880,1.0,167.829703037,5.22393571272,1.33692034168,69.6479236853,2013-05-05 01:48:00,120,211,0,212,225,232,0,0,0,0,0,36243.3712,19409
217,880.0,4,83,37,0,1,334.122307692,36.4199649,2.264,167.729076923,336.96,2.0,171.67,65.0,35.0,91.0,1436,1436,0,80,1477,1000,880,1.0,180.539651002,5.23947312072,1.34696102393,77.8147592432,2013-05-05 01:48:30,120,206,0,208,222,244,0,0,0,0,0,36419.9649,19500
218,878.0,4,85,37,0,1,368.10969697,36.5953481,2.275,182.256818182,379.455,2.0,190.56,66.0,142.0,77.0,1471,1471,0,68,1475,1000,878,1.0,171.844826515,5.25544132914,1.35770946819,71.226142612,2013-05-05 01:49:00,122,205,0,200,222,251,0,0,0,0,0,36595.3481,19577
219,877.0,4,84,39,0,1,384.629320388,36.7709399,2.235,174.293106796,409.13,2.0,185.04,103.0,50.0,63.0,1449,1449,0,50,1460,1000,877,1.0,168.438851192,5.26813230238,1.34230212694,75.5484625023,2013-05-05 01:49:30,123,212,0,202,233,230,0,0,0,0,0,36770.9399,19640
220,880.0,4,85,35,0,1,363.558970588,36.9464406,2.238,187.750441176,363.395,2.0,193.94,68.0,130.0,71.0,1506,1506,0,62,1463,1000,880,1.0,172.721747721,5.28393807654,1.33542352832,69.2036768497,2013-05-05 01:50:00,120,213,0,204,235,228,0,0,0,0,0,36946.4406,19711
221,875.0,4,91,34,0,1,366.903595506,37.1220073,2.215,174.699550562,356.25,2.0,189.12,89.0,46.0,66.0,1458,1458,0,72,1470,1000,875,1.0,172.456993774,5.29828497475,1.32543389122,82.8637983724,2013-05-05 01:50:30,125,203,0,220,236,216,0,0,0,0,0,37122.0073,19777
222,875.0,4,82,43,0,1,383.7575,37.297647,2.201,190.63525,405.625,2.0,199.5,80.0,146.0,66.0,1486,1486,0,61,1460,1000,875,1.0,166.857395232,5.31370837824,1.32913468091,75.0283407283,2013-05-05 01:51:00,125,210,0,222,225,218,0,0,0,0,0,37297.647,19843
223,878.0,4,83,39,0,1,320.438571429,37.4744537,2.205,182.470519481,290.5,2.0,184.0,77.0,46.0,81.0,1441,1441,0,70,1463,1000,878,1.0,156.188971098,5.33122665078,1.3292761188,78.6765815237,2013-05-05 01:51:30,122,214,0,223,219,222,0,0,0,0,0,37474.4537,19924
224,887.0,4,82,31,0,1,372.512857143,37.6545279,2.214,183.673428571,388.77,2.0,186.69,70.0,146.0,79.0,1450,1450,0,73,1462,1000,887,1.0,166.644858711,5.34946810756,1.32521847255,76.2480862502,2013-05-05 01:52:00,113,229,0,215,217,226,0,0,0,0,0,37654.5279,20003
225,889.0,4,89,22,0,1,359.931428571,37.8326595,2.22,187.233333333,366.75,2.0,207.5,63.0,50.0,69.0,1409,1409,0,59,1462,1000,889,1.0,156.025112416,5.36803709829,1.3264991519,76.5300195276,2013-05-05 01:52:30,111,232,0,212,216,229,0,0,0,0,0,37832.6595,20072
226,883.0,4,90,27,0,1,366.361216216,38.0089323,2.21,185.913783784,392.5,2.0,193.98,74.0,141.0,64.0,1435,1435,0,64,1455,1000,883,1.0,160.720716411,5.39025347598,1.3348782716,67.2062919694,2013-05-05 01:53:00,117,231,0,203,223,226,0,0,0,0,0,38008.9323,20136
227,882.0,4,89,29,0,1,380.131875,38.1858944,2.212,200.95425,368.105,2.0,214.75,80.0,50.0,82.0,1393,1393,0,70,1451,1000,882,1.0,147.709026756,5.40958975019,1.34203427676,67.4493389288,2013-05-05 01:53:30,118,229,0,210,209,234,0,0,0,0,0,38185.8944,20218
228,880.0,4,87,33,0,1,321.188,38.3637745,2.192,166.53975,288.54,2.0,174.83,80.0,142.0,60.0,1415,1415,0,62,1455,1000,880,1.0,172.694776219,5.42823880789,1.33534115491,76.4704464806,2013-05-05 01:54:00,120,227,0,221,205,227,0,0,0,0,0,38363.7745,20278
229,888.0,4,87,25,0,1,358.193875,38.5416085,2.194,164.147125,384.77,2.0,165.98,80.0,46.0,82.0,1356,1356,0,69,1450,1000,888,1.0,186.925996022,5.44998533995,1.32225716107,73.280325313,2013-05-05 01:54:30,112,239,0,213,215,221,0,0,0,0,0,38541.6085,20360
230,893.0,4,81,26,0,1,369.947105263,38.7161731,2.184,179.894473684,362.04,2.0,189.54,76.0,145.0,66.0,1390,1390,0,50,1433,1000,893,1.0,170.539180487,5.46841209495,1.32444101416,73.3774202577,2013-05-05 01:55:00,107,258,0,202,210,223,0,0,0,0,0,38716.1731,20426
231,893.0,4,80,27,0,1,374.251578947,38.8923382,2.2,175.748026316,353.475,2.0,188.0,76.0,37.0,92.0,1348,1348,0,84,1453,1000,893,1.0,173.402497046,5.48832864591,1.31984847615,78.792398211,2013-05-05 01:55:30,107,244,0,217,206,226,0,0,0,0,0,38892.3382,20518
232,889.0,4,79,32,0,1,367.041935484,39.0709826,2.204,179.611935484,378.105,2.0,191.455,62.0,124.0,66.0,1390,1390,0,65,1456,1000,889,1.0,166.409099277,5.50882905952,1.32679463369,73.3039072109,2013-05-05 01:56:00,111,238,0,215,208,228,0,0,0,0,0,39070.9826,20584
233,888.0,4,82,30,0,1,383.282465753,39.2530748,2.207,185.763972603,405.5,2.0,194.67,73.0,39.0,76.0,1353,1353,0,68,1455,1000,888,1.0,155.990929608,5.52871706069,1.32896613952,76.4646017079,2013-05-05 01:56:30,112,238,0,208,215,227,0,0,0,0,0,39253.0748,20660
234,887.0,4,91,22,0,1,406.573033708,39.435238,2.193,184.321910112,460.46,2.0,197.21,89.0,134.0,75.0,1376,1376,0,64,1446,1000,887,1.0,167.873195653,5.54752777461,1.32504754632,74.2165641567,2013-05-05 01:57:00,113,240,0,209,217,221,0,0,0,0,0,39435.238,20735
235,888.0,4,83,29,0,1,363.236760563,39.6163824,2.195,158.465070423,399.12,2.0,151.42,71.0,46.0,73.0,1335,1335,0,62,1442,1000,888,1.0,188.125756979,5.56597874097,1.33453175309,86.4396757147,2013-05-05 01:57:30,112,246,0,207,205,230,0,0,0,0,0,39616.3824,20808
236,887.0,4,83,30,0,1,370.57097561,39.7938913,2.179,170.323658537,383.295,2.0,163.855,82.0,126.0,66.0,1407,1407,0,57,1429,1000,887,1.0,171.868678233,5.58459981168,1.33302625631,75.9793294983,2013-05-05 01:58:00,113,252,0,202,209,224,0,0,0,0,0,39793.8913,20874
237,884.0,4,82,34,0,1,381.247721519,39.9719137,2.168,188.400126582,400.12,2.0,200.08,79.0,45.0,68.0,1364,1364,0,67,1431,1000,884,1.0,144.407598471,5.60427031026,1.32581144964,71.5467456556,2013-05-05 01:58:30,116,247,0,204,219,214,0,0,0,0,0,39971.9137,20942
238,887.0,4,88,25,0,1,344.065441176,40.1469338,2.169,175.766029412,328.9,2.0,178.5,68.0,135.0,69.0,1393,1393,0,61,1428,1000,887,1.0,165.992827905,5.62107198664,1.32606146162,74.4548356811,2013-05-05 01:59:00,113,253,0,203,214,217,0,0,0,0,0,40146.9338,21011
239,891.0,4,83,26,0,1,359.184337349,40.322601,2.16,173.302650602,386.67,2.0,177.25,83.0,38.0,74.0,1353,1353,0,63,1433,1000,891,1.0,171.287786285,5.63783411993,1.31316411769,76.3992219901,2013-05-05 01:59:30,109,258,0,207,216,210,0,0,0,0,0,40322.601,21085
240,888.0,4,84,28,0,1,361.964556962,40.4984537,2.156,176.066835443,324.54,2.0,177.5,79.0,143.0,75.0,1401,1401,0,63,1422,1000,888,1.0,169.940903137,5.65442891897,1.31896322921,79.4783904321,2013-05-05 02:00:00,112,260,0,196,224,208,0,0,0,0,0,40498.4537,21160
241,889.0,4,83,28,0,1,375.349058824,40.6758611,2.157,179.522117647,411.62,2.0,178.62,85.0,49.0,86.0,1341,1341,0,80,1425,1000,889,1.0,178.828356494,5.67318219332,1.31770672003,79.9539754976,2013-05-05 02:00:30,111,260,0,199,221,209,0,0,0,0,0,40675.8611,21246
242,886.0,4,83,31,0,1,374.679285714,40.852976,2.156,169.494142857,398.815,2.0,164.105,70.0,125.0,69.0,1382,1382,0,55,1412,1000,886,1.0,171.762663998,5.69027809166,1.32652327533,79.5501135223,2013-05-05 02:01:00,114,262,0,188,226,210,0,0,0,0,0,40852.976,21315
243,878.0,4,81,41,0,1,336.498918919,41.0286155,2.143,155.822972973,354.75,2.0,146.525,74.0,38.0,61.0,1363,1363,0,53,1401,1000,878,1.0,178.67338844,5.70534857129,1.33886183006,81.5613642591,2013-05-05 02:01:30,122,258,0,186,223,211,0,0,0,0,0,41028.6155,21376
244,873.0,4,84,43,0,1,353.1246875,41.2054904,2.143,188.3903125,362.375,2.0,184.65,64.0,119.0,64.0,1375,1375,0,61,1406,1000,873,1.0,180.434756794,5.71887080565,1.34259115147,71.070431241,2013-05-05 02:02:00,127,249,0,188,226,210,0,0,0,0,0,41205.4904,21440
245,875.0,4,82,43,0,1,366.865925926,41.3870798,2.137,181.642098765,386.21,2.0,185.79,81.0,43.0,75.0,1326,1326,0,73,1409,1000,875,1.0,160.495893627,5.73634230034,1.32974847246,76.8098501868,2013-05-05 02:02:30,125,248,0,194,231,202,0,0,0,0,0,41387.0798,21515
246,872.0,4,93,35,0,1,405.539594595,41.5692019,2.126,194.62527027,470.17,2.0,206.525,74.0,157.0,63.0,1352,1352,0,61,1403,1000,872,1.0,168.018108431,5.74999906055,1.33421287657,71.1793275718,2013-05-05 02:03:00,128,249,0,194,227,202,0,0,0,0,0,41569.2019,21578
247,866.0,4,83,51,0,1,368.88755814,41.7492479,2.101,170.429302326,406.96,2.0,177.54,86.0,37.0,61.0,1350,1350,0,52,1392,1000,866,1.0,172.782378542,5.76284385004,1.33820738303,77.3930567433,2013-05-05 02:03:30,134,248,0,201,217,200,0,0,0,0,0,41749.2479,21639
248,867.0,4,87,46,0,1,350.896891892,41.9274828,2.083,170.293648649,387.27,2.0,179.21,74.0,120.0,56.0,1424,1424,0,53,1389,1000,867,1.0,179.55954286,5.77584051433,1.32895109015,82.8673406403,2013-05-05 02:04:00,133,254,0,202,219,192,0,0,0,0,0,41927.4828,21695
249,864.0,4,88,48,0,1,336.510348837,42.1038807,2.086,178.85372093,321.98,2.0,198.895,86.0,38.0,89.0,1373,1373,0,72,1376,1000,864,1.0,183.324904641,5.78776594498,1.34409969868,84.0911658531,2013-05-05 02:04:30,136,259,0,185,223,197,0,0,0,0,0,42103.8807,21784
250,854.0,4,94,52,0,1,331.962916667,42.2821251,2.089,171.683333333,300.46,2.0,179.25,72.0,137.0,75.0,1395,1395,0,69,1370,1000,854,1.0,175.830170718,5.79896607336,1.37006532691,73.3963246128,2013-05-05 02:05:00,146,247,0,192,202,213,0,0,0,0,0,42282.1251,21859
251,857.0,4,88,55,0,1,343.228461538,42.4609723,2.09,168.654461538,344.58,2.0,178.42,65.0,47.0,66.0,1361,1361,0,57,1360,1000,857,1.0,171.404934237,5.81068692626,1.37328074333,71.0578067823,2013-05-05 02:05:30,143,258,0,180,204,215,0,0,0,0,0,42460.9723,21925
252,849.0,4,101,50,0,1,364.089868421,42.6402285,2.08,180.813815789,373.875,2.0,189.395,76.0,133.0,66.0,1413,1413,0,65,1352,1000,849,1.0,172.456553396,5.82376393739,1.38115893365,70.9380486386,2013-05-05 02:06:00,151,250,0,181,204,214,0,0,0,0,0,42640.2285,21991
